Number of Ranks,# particles = 10000,# particles = 100000,# particles = 1000000,# particles = 6000000
1,0.772266,9.18436,224.418,1429.8
2,0.395775,3.92001,107.312,706.164
4,0.206867,1.98982,49.1893,362.941
8,0.102646,1.02798,19.786,191.375
16,0.0588934,0.542175,5.74959,105.495
32,0.0414031,0.304855,3.68757,49.6028
64,0.0260568,0.19054,1.9206,26.7477
128,0.0183744,0.118957,1.08402,16.5142